country,year,government_health_expenditure,dpt_immunization,measles_immunization,infant_mortality_rate,malaria_prevalence,maternal_mortality_rate,nurses_midwives_density,physicians_density,tb_prevalence,under_5_mortality_rate,undernourished_population,infant_mortality_rate_risk_scaled,under_5_mortality_rate_risk_scaled,maternal_mortality_rate_risk_scaled,malaria_prevalence_risk_scaled,tb_prevalence_risk_scaled,undernourished_population_risk_scaled,health_risk_score,health_risk_level,government_health_expenditure_readiness_scaled,dpt_immunization_readiness_scaled,measles_immunization_readiness_scaled,nurses_midwives_density_readiness_scaled,physicians_density_readiness_scaled,readiness_score,readiness_level,priority_category,priority_rank
Brunei Darussalam,2004,13.6,91.7,99.0,8.8,34.8,14.4,5.412,1.302,54.0,9.8,5.0,0.08552475716654821,0.0806282722513089,0.030508474576271188,0.0435,0.012649332396345749,0.12531328320802007,6.302068659974902,Low,0.008250424654210142,0.8340000000000001,0.984375,0.5475494209849106,0.5784037558685445,59.051572030153295,High,Stable / Resilient,9
Brunei Darussalam,2005,13.8,99.7,97.4,7.4,34.8,14.4,5.543,1.078,224.0,9.5,5.0,0.06894100923951671,0.0774869109947644,0.030508474576271188,0.0435,0.052471304755211993,0.12531328320802007,6.6370163795630726,Low,0.008371754428536762,0.994,0.9593750000000001,0.5628728506258042,0.47323943661971823,59.95718083348118,High,Stable / Resilient,9
Brunei Darussalam,2006,14.5,100.0,100.0,6.6,34.8,30.4,5.351,1.084,240.0,9.2,5.0,0.05946458185264154,0.07434554973821988,0.06440677966101695,0.0435,0.056219255094869997,0.12531328320802007,7.054157492579473,Low,0.00879640863867993,1.0,1.0,0.5404140835185401,0.47605633802816893,60.50533660370778,High,Stable / Resilient,9
Brunei Darussalam,2007,19.9,99.0,96.8,7.6,34.8,34.2,5.114,1.05,272.0,9.5,5.0,0.07131011608623548,0.0774869109947644,0.07245762711864408,0.0435,0.06371515577418599,0.12531328320802007,7.563051553030832,Low,0.012072312545498664,0.98,0.95,0.5126915428705111,0.460093896713615,58.29715504259249,Medium,Stable but Needs Support,8
Brunei Darussalam,2008,21.2,99.0,97.0,7.0,34.8,0.0,5.097,1.481,286.0,9.5,5.0,0.06420279554607912,0.0774869109947644,0.0,0.0435,0.06699461232138675,0.12531328320802007,6.291626701170838,Low,0.012860956078621692,0.98,0.953125,0.5107030061995556,0.6624413145539906,62.38260553664337,High,Stable / Resilient,9
Brunei Darussalam,2009,20.6,99.0,99.0,7.4,34.8,16.3,5.079,1.15,291.0,8.2,5.0,0.06894100923951671,0.06387434554973821,0.03453389830508475,0.0435,0.06816584680252986,0.12531328320802007,6.738806385081493,Low,0.012496966755641834,0.98,0.984375,0.5085974967832495,0.5070422535211266,59.85023434120036,High,Stable / Resilient,9
Brunei Darussalam,2010,22.0,95.4,94.4,6.1,34.8,15.6,7.391,1.431,311.0,7.2,5.0,0.05354181473584457,0.053403141361256554,0.03305084745762712,0.0435,0.07285078472710237,0.12531328320802007,6.360997858164179,Low,0.01334627517592817,0.9080000000000001,0.9125000000000001,0.7790384840332203,0.6389671361502347,65.03703790718767,High,Stable / Resilient,9
Brunei Darussalam,2011,23.8,97.0,91.0,8.3,34.8,19.4,7.856,1.522,311.0,10.0,5.0,0.07960199004975124,0.08272251308900523,0.041101694915254235,0.0435,0.07285078472710237,0.12531328320802007,7.418171099818887,Low,0.01443824314486775,0.94,0.859375,0.8334308106211252,0.6816901408450703,66.57868389222126,High,Stable / Resilient,9
Brunei Darussalam,2012,20.8,95.4,98.6,9.3,34.8,23.2,8.195,1.47,311.0,10.3,5.0,0.09144752428334518,0.08586387434554975,0.04915254237288135,0.0435,0.07285078472710237,0.12531328320802007,7.802133482281646,Low,0.012618296529968454,0.9080000000000001,0.9781249999999999,0.8730845712948884,0.6572769953051641,68.58209726260041,High,Stable / Resilient,9
Brunei Darussalam,2013,20.8,99.6,96.0,7.6,34.8,27.0,8.195,1.47,311.0,9.7,5.0,0.07131011608623548,0.07958115183246073,0.057203389830508475,0.0435,0.07285078472710237,0.12531328320802007,7.495978761405453,Low,0.012618296529968454,0.992,0.9375,0.8730845712948884,0.6572769953051641,69.44959726260042,High,Stable / Resilient,9
Brunei Darussalam,2014,20.5,99.0,97.0,7.4,34.8,27.0,8.195,1.47,311.0,8.7,5.0,0.06894100923951671,0.06910994764397906,0.057203389830508475,0.0435,0.07285078472710237,0.12531328320802007,7.281973577485445,Low,0.012436301868478524,0.98,0.953125,0.8730845712948884,0.6572769953051641,69.51845736937062,High,Stable / Resilient,9
Brunei Darussalam,2015,19.9,99.98,98.02,7.59,34.8,30.04,8.39,1.47,311.0,8.97,5.0,0.07119166074389954,0.07193717277486912,0.06364406779661017,0.0435,0.07285078472710237,0.12531328320802007,7.473949487508354,Low,0.012072312545498664,0.9996,0.9690624999999999,0.8958942566382034,0.6572769953051641,70.67812128977732,High,Stable / Resilient,9
Brunei Darussalam,2016,19.39,100.0,98.89,7.75,34.8,32.62,8.56,1.47,311.0,9.2,5.0,0.07308694622127458,0.07434554973821988,0.06911016949152542,0.0435,0.07285078472710237,0.12531328320802007,7.63677888976904,Low,0.011762921620965785,1.0,0.98265625,0.91577962334776,0.6572769953051641,71.3495158054778,High,Stable / Resilient,9
Brunei Darussalam,2017,18.96,100.0,99.62,7.89,34.8,34.82,8.7,1.48,311.0,9.39,5.0,0.07474532101397773,0.07633507853403142,0.07377118644067797,0.0435,0.07285078472710237,0.12531328320802007,7.775260898730159,Low,0.011502062606163552,1.0,0.9940625000000001,0.9321558076968066,0.6619718309859154,71.9938440257777,High,Stable / Resilient,9
Brunei Darussalam,2018,18.59,100.0,100.0,8.01,34.8,36.69,8.82,1.48,311.0,9.56,5.0,0.076166785122009,0.0781151832460733,0.07773305084745762,0.0435,0.07285078472710237,0.12531328320802007,7.894651452511038,Low,0.011277602523659305,1.0,1.0,0.9461925371388467,0.6619718309859154,72.38883941296844,High,Stable / Resilient,9
Brunei Darussalam,2019,18.27,100.0,100.0,8.1,34.8,38.27,8.92,1.48,311.0,9.7,5.0,0.07723288320303245,0.07958115183246073,0.08108050847457628,0.0435,0.07285078472710237,0.12531328320802007,7.992643524086531,Low,0.011083474884736714,1.0,1.0,0.9578898116738801,0.6619718309859154,72.61890235089065,High,Stable / Resilient,9
Brunei Darussalam,2020,18.01,100.0,100.0,8.19,34.8,39.62,9.0,1.48,311.0,9.82,5.0,0.07829898128405591,0.08083769633507853,0.08394067796610169,0.0435,0.07285078472710237,0.12531328320802007,8.079023725339308,Low,0.010925746178112108,1.0,1.0,0.9672476313019067,0.6619718309859154,72.80290416931868,High,Stable / Resilient,9
Brunei Darussalam,2021,17.78,100.0,100.0,8.26,34.8,40.77,9.08,1.48,311.0,9.92,5.0,0.07912816868040748,0.0818848167539267,0.0863771186440678,0.0435,0.07285078472710237,0.12531328320802007,8.150902866892073,Medium,0.010786216937636496,1.0,1.0,0.9766054509299333,0.6619718309859154,72.9872699770697,High,Controlled Risk,7
Brunei Darussalam,2022,17.59,100.0,100.0,8.32,34.8,41.74,9.14,1.48,311.0,10.01,5.0,0.07983890073442312,0.08282722513089005,0.08843220338983052,0.0435,0.07285078472710237,0.12531328320802007,8.21270661983777,Medium,0.010670953652026206,1.0,1.0,0.9836238156509534,0.6619718309859154,73.12533200577789,High,Controlled Risk,7
Brunei Darussalam,2023,17.43,100.0,100.0,8.37,34.8,42.57,9.19,1.48,311.0,10.08,5.0,0.0804311774461028,0.08356020942408378,0.0901906779661017,0.0435,0.07285078472710237,0.12531328320802007,8.264102212856844,Medium,0.01057388983256491,1.0,1.0,0.98947245291847,0.6619718309859154,73.24036347473901,High,Controlled Risk,7
Brunei Darussalam,2024,17.29,100.0,100.0,8.42,34.8,43.28,9.24,1.48,311.0,10.15,5.0,0.08102345415778252,0.08429319371727749,0.09169491525423729,0.0435,0.07285078472710237,0.12531328320802007,8.311260517740328,Medium,0.010488958990536276,1.0,1.0,0.9953210901859868,0.6619718309859154,73.35563760324877,High,Controlled Risk,7
Brunei Darussalam,2025,17.17,100.0,100.0,8.45,34.8,43.88,9.28,1.48,311.0,10.2,5.0,0.08137882018479033,0.08481675392670157,0.09296610169491526,0.0435,0.07285078472710237,0.12531328320802007,8.347095729025494,Medium,0.010416161125940305,1.0,1.0,1.0,0.6619718309859154,73.44775984223712,High,Controlled Risk,7
Cambodia,2004,0.9,82.0,80.0,76.0,800.0,472.0,0.842,0.244,510.0,83.0,22.1,0.8815446576640606,0.8471204188481676,1.0,1.0,0.11946591707659873,0.5538847117794488,73.36692842280459,High,0.0005459839844697889,0.6400000000000001,0.6875,0.012983974733887002,0.08169014084507041,28.45440199126854,Low,Emergency Priority,1
Cambodia,2005,0.4,82.0,76.9,66.0,600.0,472.0,0.842,0.244,676.0,83.0,20.8,0.7630893153281213,0.8471204188481676,1.0,0.75,0.15835090185055048,0.5213032581453635,67.33106490287005,High,0.00024265954865323948,0.6400000000000001,0.6390625000000001,0.012983974733887002,0.08169014084507041,27.47958550255221,Low,Emergency Priority,1
Cambodia,2006,4.3,82.0,78.0,68.0,720.0,418.8,0.842,0.244,664.0,77.2,19.6,0.7867803837953092,0.786387434554974,0.8872881355932204,0.9,0.155539939095807,0.4912280701754387,66.78706605357915,High,0.0026085901480223245,0.6400000000000001,0.65625,0.012983974733887002,0.08169014084507041,27.870654114539594,Low,Emergency Priority,1
Cambodia,2007,133.4,82.0,79.0,70.0,641.75,365.6,0.842,0.244,697.0,71.4,18.3,0.8104714522624971,0.7256544502617802,0.7745762711864407,0.8021875,0.1632700866713516,0.4586466165413534,62.24677294872372,High,0.08092695947585538,0.6400000000000001,0.671875,0.012983974733887002,0.08169014084507041,29.749521501096254,Low,Emergency Priority,1
Cambodia,2008,203.4,82.0,80.0,60.0,563.5,312.4,0.842,0.244,693.0,65.6,17.5,0.6920161099265577,0.6649214659685864,0.661864406779661,0.704375,0.16233309908643712,0.4385964912280702,55.40177621648854,High,0.12339238049017227,0.6400000000000001,0.6875,0.012983974733887002,0.08169014084507041,30.911329921382592,Low,Emergency Priority,1
Cambodia,2009,169.6,94.0,81.0,60.0,485.25,259.2,0.851,0.237,681.0,59.8,17.1,0.6920161099265577,0.6041884816753927,0.5491525423728814,0.6065625,0.1595221363316936,0.42857142857142866,50.6668866479659,High,0.10288764862897354,0.8800000000000001,0.703125,0.01403672944204,0.07840375586854458,35.56906267879117,Low,Emergency Priority,1
Cambodia,2010,131.9,92.0,81.9,44.9,407.0,206.0,0.853,0.229,125.0,54.0,17.0,0.5131485429992892,0.543455497382199,0.4364406779661017,0.50875,0.02928086202857812,0.4260651629072682,40.9523457213906,High,0.08001698616840572,0.8400000000000001,0.7171875000000001,0.014270674932740673,0.07464788732394365,34.522460968501804,Low,Emergency Priority,1
Cambodia,2011,148.1,94.0,93.0,36.0,407.0,194.0,0.87,0.226,817.0,43.0,16.8,0.4077232883203033,0.42827225130890056,0.4110169491525424,0.50875,0.1913797142187866,0.4210526315789474,39.469913909658,High,0.08984469788886192,0.8800000000000001,0.890625,0.01625921160369634,0.0732394366197183,38.999366922245535,Low,Emergency Priority,1
Cambodia,2012,26.1,95.0,93.0,33.0,407.0,182.0,0.92,0.165,764.0,40.0,16.4,0.37218668561952145,0.3968586387434555,0.385593220338983,0.50875,0.17896462871866947,0.41102756892230574,37.556345705715586,High,0.015833535549623877,0.9000000000000001,0.890625,0.022107848871213018,0.04460093896713614,37.463346467759465,Low,Emergency Priority,1
Cambodia,2013,19.1,92.0,93.0,33.0,407.0,170.0,0.956,0.168,764.0,40.0,15.7,0.37218668561952145,0.3968586387434555,0.3601694915254237,0.50875,0.17896462871866947,0.393483709273183,36.84021923133755,High,0.011586993448192187,0.8400000000000001,0.890625,0.026318867703825008,0.04600938967136149,36.29080501646758,Low,Emergency Priority,1
Cambodia,2014,3.1,97.0,94.0,33.0,407.0,170.0,0.956,0.168,764.0,40.0,15.0,0.37218668561952145,0.3968586387434555,0.3601694915254237,0.50875,0.17896462871866947,0.3759398496240602,36.547821570518835,High,0.001880611502062606,0.94,0.90625,0.026318867703825008,0.04600938967136149,38.409177377544985,Low,Emergency Priority,1
Cambodia,2015,0.0,97.8,96.42,30.32,407.0,160.4,0.99,0.15,886.5,36.9,14.49,0.3404406538734897,0.3643979057591623,0.3398305084745763,0.50875,0.20765987350667603,0.3631578947368421,35.40394727251244,High,0.0,0.956,0.9440625,0.030295941045736338,0.03755868544600938,39.358342529834914,Low,Emergency Priority,1
Cambodia,2016,0.0,98.48,98.48,28.04,407.0,152.24,1.01,0.13,990.62,34.27,14.06,0.31343283582089554,0.33685863874345556,0.32254237288135595,0.50875,0.23204966034200047,0.3523809523809524,34.43357433614433,High,0.0,0.9696,0.9762500000000001,0.03263539595274302,0.028169014084507032,40.13308820074501,Low,Emergency Priority,1
Cambodia,2017,0.0,99.06,100.0,26.11,407.0,145.3,1.03,0.12,1079.13,32.03,13.69,0.29057095475005923,0.3134031413612566,0.3078389830508475,0.50875,0.2527828531271961,0.3431077694235589,33.6075616952153,High,0.0,0.9812000000000001,1.0,0.03497485085974969,0.02347417840375586,40.79298058527011,Low,Emergency Priority,1
Cambodia,2018,0.0,99.55,100.0,24.46,407.0,139.41,1.05,0.11,1154.36,30.12,13.37,0.27102582326462926,0.29340314136125656,0.29536016949152544,0.50875,0.2704052471304755,0.3350877192982456,32.9005350091022,High,0.0,0.9909999999999999,1.0,0.03731430576675636,0.01877934272300469,40.94187296979522,Low,Emergency Priority,1
Cambodia,2019,0.0,99.97,100.0,23.06,407.0,134.4,1.06,0.1,1218.31,28.5,13.11,0.2544420753375977,0.2764397905759163,0.2847457627118644,0.50875,0.28538533614429606,0.32857142857142857,32.30557322235171,High,0.0,0.9994000000000001,1.0,0.038484033220259686,0.014084507042253516,41.03937080525027,Low,Emergency Priority,1
Cambodia,2020,0.0,100.0,100.0,21.87,407.0,130.14,1.08,0.09,1272.66,27.13,12.88,0.24034588959962097,0.26209424083769634,0.2757203389830508,0.50875,0.2981166549543219,0.3228070175438597,31.797235698642496,High,0.0,1.0,1.0,0.04082348812726637,0.009389671361502337,41.00426318977537,Low,Emergency Priority,1
Cambodia,2021,0.0,100.0,100.0,20.86,407.0,126.52,1.09,0.09,1318.86,25.96,12.69,0.22838190002369108,0.24984293193717283,0.2680508474576271,0.50875,0.3089388615600843,0.3180451127819549,31.366827562675503,High,0.0,1.0,1.0,0.0419932155807697,0.009389671361502337,41.02765773884545,Low,Emergency Priority,1
Cambodia,2022,0.0,100.0,100.0,20.0,407.0,123.44,1.1,0.08,1358.13,24.96,12.53,0.21819474058280028,0.23937172774869114,0.26152542372881354,0.50875,0.31813773717498245,0.3140350877192983,31.000245282576426,High,0.0,1.0,1.0,0.043162943034273024,0.004694835680751165,40.95715557430048,Low,Emergency Priority,1
Cambodia,2023,0.0,100.0,100.0,19.27,407.0,120.82,1.11,0.08,1391.51,24.12,12.39,0.2095475005922767,0.23057591623036655,0.2559745762711864,0.50875,0.32595689857109394,0.3105263157894737,30.68885345757329,High,0.0,1.0,1.0,0.04433267048777635,0.004694835680751165,40.98055012337055,Low,Emergency Priority,1
Cambodia,2024,0.0,100.0,100.0,18.65,407.0,118.6,1.11,0.07,1419.89,23.4,12.27,0.20220326936744845,0.22303664921465965,0.251271186440678,0.50875,0.33260482548606235,0.3075187969924812,30.423078791688823,High,0.0,1.0,1.0,0.04433267048777635,0.0,40.886653409755525,Low,Emergency Priority,1
Cambodia,2025,0.0,100.0,100.0,18.12,407.0,116.71,1.12,0.07,1444.0,22.79,12.17,0.1959251362236437,0.21664921465968584,0.24726694915254235,0.50875,0.3382525181541345,0.30501253132832085,30.197605825305455,High,0.0,1.0,1.0,0.04550239794127971,0.0,40.910047958825594,Low,Emergency Priority,1
Indonesia,2004,1107.5,86.5,77.2,33.9,100.0,268.0,0.815,0.145,245.0,45.0,18.7,0.382847666429756,0.44921465968586394,0.5677966101694916,0.125,0.057390489576013115,0.468671679197995,34.18201841765199,High,0.6718636253336568,0.73,0.64375,0.009825710609427996,0.035211267605633784,41.81301207097438,Low,Emergency Priority,1
Indonesia,2005,597.6,84.6,72.5,28.9,100.0,268.0,0.815,0.145,260.0,45.0,18.8,0.3236199952617863,0.44921465968586394,0.5677966101694916,0.125,0.06090419301944249,0.4711779448621554,33.295223383312326,High,0.3625333656879398,0.692,0.5703125,0.009825710609427996,0.035211267605633784,33.397656878060026,Low,Emergency Priority,1
Indonesia,2006,165.4,87.1,78.2,30.8,119.2,248.2,0.815,0.145,263.5,44.4,18.8,0.3461265103056148,0.4429319371727749,0.5258474576271186,0.149,0.06172405715624268,0.4711779448621554,33.280131785398446,High,0.10033972336811453,0.742,0.659375,0.009825710609427996,0.035211267605633784,30.935034031663523,Low,Emergency Priority,1
Indonesia,2007,99.8,86.4,75.9,31.6,138.4,228.4,0.815,0.145,267.0,43.8,18.5,0.35560293769248996,0.43664921465968587,0.4838983050847458,0.17300000000000001,0.06254392129304287,0.4636591478696742,32.922558776660644,High,0.060543557388983246,0.7280000000000002,0.6234375000000001,0.009825710609427996,0.035211267605633784,29.140360712080906,Low,Emergency Priority,1
Indonesia,2008,411.23333333333335,86.1,75.5,32.4,157.6,208.6,0.815,0.145,270.5,43.2,17.7,0.3650793650793651,0.43036649214659695,0.4419491525423729,0.197,0.06336378542984306,0.443609022556391,32.35613029590949,High,0.24947423764458462,0.722,0.6171875,0.009825710609427996,0.035211267605633784,32.67397431719293,Low,Emergency Priority,1
Indonesia,2009,722.6666666666666,89.1,77.2,33.2,176.8,188.8,0.815,0.145,274.0,42.6,15.9,0.37455579246624027,0.4240837696335079,0.4,0.22100000000000003,0.06418364956664324,0.3984962406015038,31.37199087113159,High,0.438404917900186,0.782,0.64375,0.009825710609427996,0.035211267605633784,38.18383792230495,Low,Emergency Priority,1
Indonesia,2010,1034.1,89.8,77.7,34.0,196.0,169.0,1.062,0.14,277.5,42.0,13.5,0.3840322198531154,0.4178010471204189,0.3580508474576271,0.245,0.06500351370344343,0.33834586466165417,30.13722487993765,High,0.6273355981557873,0.796,0.6515625,0.03871797871096036,0.03286384976525822,42.92959853264012,Low,Emergency Priority,1
Indonesia,2011,1140.2,89.1,76.9,34.0,156.95,176.0,1.2135,0.1705,281.0,32.0,11.1,0.3840322198531154,0.3130890052356021,0.3728813559322034,0.1961875,0.06582337784024361,0.27819548872180455,26.836815793049485,High,0.6917010434360592,0.782,0.6390625000000001,0.056439349631535865,0.04718309859154929,44.32771983318289,Low,Emergency Priority,1
Indonesia,2012,1310.4,90.0,78.0,27.2,117.9,183.0,1.365,0.201,297.0,40.0,9.3,0.3034825870646766,0.3968586387434555,0.3877118644067797,0.147375,0.06957132817990162,0.23308270676691734,25.63470208602884,High,0.7949526813880126,0.8,0.65625,0.07416072055211136,0.06150234741784037,47.73731498715929,Medium,High Priority,2
Indonesia,2013,1596.4,90.3,77.9,27.2,78.85000000000001,190.0,1.365,0.201,297.0,40.0,8.2,0.3034825870646766,0.3968586387434555,0.4025423728813559,0.09856250000000001,0.06957132817990162,0.20551378446115287,24.608853522175707,High,0.9684542586750788,0.806,0.6546875000000001,0.07416072055211136,0.06150234741784037,51.296096532900606,Medium,High Priority,2
Indonesia,2014,1205.2,90.7,78.7,27.2,39.8,190.0,1.365,0.201,297.0,40.0,7.6,0.3034825870646766,0.3968586387434555,0.4025423728813559,0.049749999999999996,0.06957132817990162,0.1904761904761905,23.544685289093,High,0.7311332200922106,0.8140000000000001,0.6671875,0.07416072055211136,0.06150234741784037,46.95967576124325,Low,Emergency Priority,1
Indonesia,2015,1285.04,91.0,79.0,25.16,0.75,195.6,1.44,0.22,302.5,40.4,6.13,0.27931769722814503,0.4010471204188482,0.4144067796610169,0.0009375,0.07085968610915905,0.1536340852130326,22.003381143836698,High,0.7795680660033971,0.8200000000000001,0.671875,0.08293367645338635,0.0704225352112676,48.495985553361024,Medium,High Priority,2
Indonesia,2016,1352.9,91.26,79.26,23.43,0.0,200.36,1.51,0.23,307.18,40.74,4.88,0.2588249230040275,0.404607329842932,0.42449152542372887,0.0,0.07195596158350902,0.12230576441102757,21.369758404420413,Medium,0.8207352584324192,0.8252000000000002,0.6759375000000001,0.0911217686279097,0.07511737089201877,49.76223795904696,Medium,Moderate Priority,5
Indonesia,2017,1410.59,91.47,79.47,21.95,0.0,204.41,1.56,0.24,311.15,41.03,3.82,0.24129353233830844,0.4076439790575917,0.43307203389830506,0.0,0.07288592176153666,0.09573934837092732,20.843913590444487,Medium,0.8557328318369326,0.8293999999999999,0.67921875,0.09697040589542637,0.07981220657276994,50.82268388610258,Medium,Moderate Priority,5
Indonesia,2018,1459.62,91.66,79.66,20.7,0.0,207.85,1.61,0.25,314.53,41.27,2.92,0.22648661454631602,0.4101570680628273,0.4403601694915254,0.0,0.0736776762707894,0.07318295739348371,20.397741429415696,Medium,0.8854768260131035,0.8331999999999999,0.6821875,0.10281904316294306,0.08450704225352111,51.76380822859136,Medium,Moderate Priority,5
Indonesia,2019,1501.3,91.81,79.81,19.63,0.0,210.77,1.65,0.26,317.4,41.48,2.15,0.2138118929163705,0.41235602094240836,0.44654661016949154,0.0,0.07434996486296556,0.053884711779448626,20.015820011178075,Medium,0.910761950982771,0.8362,0.68453125,0.10749795297695637,0.08920187793427228,52.56386063788,Medium,Moderate Priority,5
Indonesia,2020,1536.72,91.95,79.95,18.73,0.0,213.25,1.68,0.26,319.84,41.66,1.5,0.203150912106136,0.4142408376963351,0.4518008474576271,0.0,0.07492152728976341,0.03759398496240602,19.695135158537795,Medium,0.9322494540160154,0.8390000000000002,0.68671875,0.11100713533746638,0.08920187793427228,53.1635443457551,Medium,Moderate Priority,5
Indonesia,2021,1566.83,92.06,80.06,17.96,0.0,215.37,1.71,0.27,321.91,41.81,0.94,0.19402985074626866,0.4158115183246074,0.45629237288135593,0.0,0.07540641836495666,0.02355889724310777,19.418317626004942,Medium,0.950515651540888,0.8412000000000002,0.6884375,0.11451631769797636,0.09389671361502347,53.771323657077765,Medium,Moderate Priority,5
Indonesia,2022,1592.43,92.16,80.16,17.31,0.0,217.16,1.73,0.27,323.68,41.94,0.47,0.18633025349443258,0.41717277486911,0.46008474576271186,0.0,0.07582103537128133,0.011779448621553884,19.18647096865149,Medium,0.9660458626546954,0.8432,0.69,0.11685577260498305,0.09389671361502347,54.19996697749404,Medium,Moderate Priority,5
Indonesia,2023,1614.18,92.24,80.24,16.75,0.0,218.69,1.75,0.28,325.17,42.05,0.07,0.17969675432362,0.41832460732984295,0.46332627118644065,0.0,0.07617006324666198,0.001754385964912281,18.987868034191298,Medium,0.9792404756127153,0.8448,0.6912499999999999,0.1191952275119897,0.09859154929577466,54.661545048409586,Medium,Moderate Priority,5
Indonesia,2024,1632.68,92.31,80.31,16.28,0.0,219.98,1.77,0.28,326.45,42.14,0.0,0.17412935323383086,0.4192670157068063,0.46605932203389827,0.0,0.07646989927383462,0.0,18.932093170806166,Medium,0.9904634797379276,0.8462000000000001,0.69234375,0.12153468241899638,0.09859154929577466,54.98266922905397,Medium,Moderate Priority,5
Indonesia,2025,1648.4,92.37,80.37,15.88,0.0,221.09,1.79,0.29,327.53,42.22,0.0,0.16939113954039328,0.4201047120418848,0.46841101694915255,0.0,0.07672288592176153,0.0,18.910495907553205,Medium,1.0,0.8474000000000002,0.6932812500000001,0.12387413732600304,0.10328638497652579,55.35683544605059,Medium,Moderate Priority,5
Lao PDR,2004,23.1,50.0,36.0,86.0,34.8,405.0,0.99,0.353,4269.0,97.6,32.2,1.0,1.0,0.8580508474576272,0.0435,1.0,0.8070175438596493,78.47613985528793,High,0.014013588934724581,0.0,0.0,0.030295941045736338,0.1328638497652582,3.5434675949143823,Low,Emergency Priority,1
Lao PDR,2005,23.1,50.0,69.0,70.0,34.8,405.0,0.996,0.281,4269.0,97.6,29.5,0.8104714522624971,1.0,0.8580508474576272,0.0435,1.0,0.7393483709273183,74.18951117745736,High,0.014013588934724581,0.0,0.515625,0.030997777517838346,0.09906103286384976,13.193947986328256,Low,Emergency Priority,1
Lao PDR,2006,23.1,50.0,48.0,67.2,34.8,380.0,0.9632499999999999,0.26,4269.0,93.0,26.9,0.7773039564084341,0.9518324607329843,0.8050847457627118,0.0435,1.0,0.6741854636591479,70.86511044272129,High,0.014013588934724581,0.0,0.1875,0.027166920107614914,0.08920187793427228,6.357647739532235,Low,Emergency Priority,1
Lao PDR,2007,23.1,50.0,40.0,64.4,34.8,355.0,0.9305,0.23900000000000002,3523.2,88.6,25.6,0.7441364605543711,0.9057591623036649,0.7521186440677966,0.0435,0.8252986647926914,0.6416040100250627,65.20694902905979,High,0.014013588934724581,0.0,0.0625,0.02333606269739151,0.07934272300469483,3.583847492736218,Low,Emergency Priority,1
Lao PDR,2008,23.1,50.0,40.0,61.8,34.8,330.0,0.89775,0.21800000000000003,2777.4,84.4,24.7,0.7133380715470268,0.861780104712042,0.6991525423728814,0.0435,0.650597329585383,0.6190476190476191,59.79026112108253,High,0.014013588934724581,0.0,0.0625,0.019505205287168093,0.06948356807511737,3.3100472459402006,Low,Emergency Priority,1
Lao PDR,2009,23.1,57.0,59.0,59.2,34.8,305.0,0.865,0.197,2031.6000000000004,80.4,24.2,0.6825396825396827,0.8198952879581153,0.646186440677966,0.0435,0.47589599437807456,0.6065162907268171,54.57556160467759,High,0.014013588934724581,0.14000000000000012,0.359375,0.015674347876944675,0.0596244131455399,11.773746999144185,Low,Emergency Priority,1
Lao PDR,2010,23.1,74.0,78.0,56.6,34.8,280.0,0.864,0.191,1285.8000000000002,76.4,22.8,0.6517412935323383,0.7780104712041886,0.5932203389830508,0.0435,0.30119465917076604,0.5714285714285715,48.98492223864859,High,0.014013588934724581,0.48,0.65625,0.015557375131594345,0.056807511737089186,24.452569516068163,Low,Emergency Priority,1
Lao PDR,2011,14.4,78.0,69.0,68.0,34.8,260.0,0.863,0.185,540.0,79.0,21.4,0.7867803837953092,0.8052356020942409,0.5508474576271186,0.0435,0.12649332396345747,0.5363408521303258,47.486626993507535,High,0.008735743751516622,0.56,0.515625,0.015440402386244001,0.053990610328638486,23.07583512932798,Low,Emergency Priority,1
Lao PDR,2012,15.4,79.0,72.0,51.5,34.8,240.0,0.862,0.179,514.0,68.4,20.1,0.5913290689410092,0.6942408376963352,0.5084745762711864,0.0435,0.12040290466151324,0.5037593984962406,41.02844643443808,High,0.00934239262314972,0.5800000000000001,0.5625,0.015323429640893671,0.05117370892018777,24.366790623684626,Low,Emergency Priority,1
Lao PDR,2013,10.1,89.0,82.0,48.9,34.8,220.0,0.862,0.179,514.0,64.3,19.4,0.560530679933665,0.6513089005235603,0.4661016949152542,0.0435,0.12040290466151324,0.4862155388471178,38.800995314685174,High,0.006127153603494297,0.78,0.71875,0.015323429640893671,0.05117370892018777,31.42748584329152,Low,Emergency Priority,1
Lao PDR,2014,18.6,89.0,87.0,48.9,34.8,220.0,0.862,0.179,514.0,64.3,18.9,0.560530679933665,0.6513089005235603,0.4661016949152542,0.0435,0.12040290466151324,0.4736842105263158,38.592139842671806,High,0.011283669012375637,0.78,0.796875,0.015323429640893671,0.05117370892018777,33.09311615146914,Low,Emergency Priority,1
Lao PDR,2015,17.27,93.1,90.1,45.45,34.8,204.0,0.86,0.18,357.04,60.41,17.92,0.519663586827766,0.6105759162303666,0.4322033898305085,0.0435,0.08363551182946827,0.4491228070175439,35.64502019559422,High,0.010476826013103614,0.8619999999999999,0.8453124999999999,0.015089484150193011,0.05164319248826289,35.69044005303119,Low,Emergency Priority,1
Lao PDR,2016,16.14,96.58,92.73,42.52,34.8,190.4,0.86,0.17,223.62,57.1,17.09,0.4849561715233358,0.5759162303664922,0.4033898305084746,0.0435,0.052382290934645116,0.42832080200501255,33.14108875563267,High,0.009791312788158214,0.9316,0.8864062500000001,0.015089484150193011,0.046948356807511735,37.796708074917255,Low,Emergency Priority,1
Lao PDR,2017,15.18,99.55,94.97,40.02,34.8,178.84,0.86,0.17,110.22,54.29,16.38,0.4553423359393509,0.5464921465968586,0.37889830508474576,0.0435,0.025818692902319043,0.4105263157894737,31.009629938545796,High,0.009208929871390438,0.9909999999999999,0.92140625,0.015089484150193011,0.046948356807511735,39.673060416581905,Low,Emergency Priority,1
Lao PDR,2018,14.36,100.0,96.88,37.91,34.8,169.01,0.86,0.17,13.83,51.9,15.78,0.43034825870646765,0.5214659685863875,0.35807203389830505,0.0435,0.003239634574841883,0.3954887218045113,29.201910292841887,High,0.008711477796651297,1.0,0.9512499999999999,0.015089484150193011,0.046948356807511735,40.439986375087116,Low,Emergency Priority,1
Lao PDR,2019,13.67,100.0,98.5,36.11,34.8,160.66,0.86,0.17,0.0,49.87,15.27,0.4090262970859986,0.5002094240837697,0.34038135593220337,0.0435,0.0,0.3827067669172933,27.930397400321084,High,0.00829289007522446,1.0,0.9765625,0.015089484150193011,0.046948356807511735,40.93786462065858,Low,Emergency Priority,1
Lao PDR,2020,13.08,100.0,99.87,34.57,34.8,153.56,0.86,0.17,0.0,48.15,14.83,0.39078417436626395,0.48219895287958114,0.32533898305084746,0.0435,0.0,0.3716791979949875,26.891688471528003,High,0.007934967240960931,1.0,0.9979687500000001,0.015089484150193011,0.046948356807511735,41.358831163973306,Low,Emergency Priority,1
Lao PDR,2021,12.58,100.0,100.0,33.27,34.8,147.53,0.86,0.17,0.0,46.68,14.46,0.3753849798625919,0.4668062827225131,0.3125635593220339,0.0435,0.0,0.362406015037594,26.011013949078883,High,0.007631642805144382,1.0,1.0,0.015089484150193011,0.046948356807511735,41.39338967525698,Low,Emergency Priority,1
Lao PDR,2022,12.15,100.0,100.0,32.17,34.8,142.4,0.86,0.16,0.0,45.43,14.15,0.36235489220563855,0.45371727748691104,0.3016949152542373,0.0435,0.0,0.3546365914786968,25.265061273758064,High,0.007370783790342149,1.0,1.0,0.015089484150193011,0.04225352112676055,41.29427578134591,Low,Emergency Priority,1
Lao PDR,2023,11.79,100.0,100.0,31.23,34.8,138.04,0.86,0.16,0.0,44.37,13.88,0.3512200900260602,0.44261780104712045,0.29245762711864404,0.0435,0.0,0.3478696741854637,24.62775320628814,High,0.007152390196554233,1.0,1.0,0.015089484150193011,0.04225352112676055,41.28990790947015,Low,Emergency Priority,1
Lao PDR,2024,11.48,100.0,100.0,30.43,34.8,134.33,0.86,0.16,0.0,43.47,13.65,0.34174366263918504,0.43319371727748696,0.2845974576271187,0.0435,0.0,0.3421052631578948,24.08566834502809,High,0.006964329046347973,1.0,1.0,0.015089484150193011,0.04225352112676055,41.28614668646603,Low,Emergency Priority,1
Lao PDR,2025,11.22,100.0,100.0,29.75,34.8,131.18,0.86,0.16,0.0,42.71,13.46,0.3336886993603412,0.4252356020942409,0.2779237288135593,0.0435,0.0,0.33734335839599,23.628189811068857,High,0.006806600339723368,1.0,1.0,0.015089484150193011,0.04225352112676055,41.28299211233354,Low,Emergency Priority,1
Malaysia,2004,613.2,94.2,71.2,6.5,24.1,28.0,2.678,0.923,60.0,8.5,5.0,0.05828002842928216,0.06701570680628273,0.059322033898305086,0.030125000000000002,0.014054813773717499,0.12531328320802007,5.90184776859346,Low,0.37199708808541615,0.8840000000000001,0.55,0.22774593519709907,0.4004694835680751,48.68425013701181,Medium,Stable but Needs Support,8
Malaysia,2005,335.3,95.3,68.30000000000001,6.6,21.0,28.0,2.678,0.923,60.4,8.5,5.0,0.05946458185264154,0.06701570680628273,0.059322033898305086,0.02625,0.014148512532208947,0.12531328320802007,5.858568638290973,Low,0.203409366658578,0.9059999999999999,0.5046875000000002,0.22774593519709907,0.4004694835680751,44.846245708475045,Low,Capacity Building Needed,6
Malaysia,2006,372.4,96.4,65.4,6.1,19.7,27.5,2.678,0.923,62.1,7.9,5.0,0.05354181473584457,0.06073298429319372,0.05826271186440678,0.024625,0.01454673225579761,0.12531328320802007,5.617042105954379,Low,0.22591603979616595,0.9280000000000002,0.4593750000000001,0.22774593519709907,0.4004694835680751,44.83012917122681,Low,Capacity Building Needed,6
Malaysia,2007,448.6,96.0,87.5,6.3,20.1,29.0,2.678,0.923,62.2,7.9,5.0,0.05591092158256336,0.06073298429319372,0.0614406779661017,0.025125,0.014570156945420474,0.12531328320802007,5.718217066588322,Low,0.2721426838146081,0.9199999999999999,0.8046875,0.22774593519709907,0.4004694835680751,52.50091205159564,Medium,Stable but Needs Support,8
Malaysia,2008,520.1,96.0,94.3,6.2,26.8,27.3,2.678,0.923,63.5,8.0,5.0,0.05472636815920398,0.061780104712041886,0.05783898305084746,0.0335,0.014874677910517685,0.12531328320802007,5.800556950677184,Low,0.31551807813637467,0.9199999999999999,0.9109375,0.22774593519709907,0.4004694835680751,55.493419938030975,Medium,Stable but Needs Support,8
Malaysia,2009,782.8,95.0,96.9,6.9,25.950000000000003,27.0,2.943,1.048,64.9,8.5,5.0,0.06301824212271974,0.06701570680628273,0.057203389830508475,0.0324375,0.015202623565237761,0.12531328320802007,6.003179092212813,Low,0.47488473671438963,0.9000000000000001,0.9515625000000001,0.2587437127149374,0.45915492957746473,60.88691758013584,High,Stable / Resilient,9
Malaysia,2010,1199.9,94.0,96.1,6.8,25.1,26.1,3.208,1.173,68.4,8.5,5.0,0.06183368869936033,0.06701570680628273,0.05529661016949153,0.031375,0.01602248770203795,0.12531328320802007,5.947612943086544,Low,0.7279179810725552,0.8800000000000001,0.9390624999999999,0.2897414902327758,0.5178403755868544,67.09124693784372,High,Stable / Resilient,9
Malaysia,2011,717.3,99.0,95.2,6.6,23.5,26.2,3.397,1.281,101.0,8.75,5.0,0.05946458185264154,0.06963350785340314,0.055508474576271186,0.029375000000000002,0.023658936519091123,0.12531328320802007,6.049229733490451,Low,0.4351492356224217,0.98,0.925,0.31184933910398877,0.568544600938967,64.41086351330755,High,Stable / Resilient,9
Malaysia,2012,666.0,99.0,95.5,6.6,23.5,25.6,3.397,1.281,101.0,9.0,5.0,0.05946458185264154,0.07225130890052356,0.054237288135593226,0.029375000000000002,0.023658936519091123,0.12531328320802007,6.071673310264492,Low,0.40402814850764374,0.98,0.9296875,0.31184933910398877,0.568544600938967,63.88219177101199,High,Stable / Resilient,9
Malaysia,2013,581.1,97.0,95.3,6.6,23.5,29.0,3.397,1.281,101.0,9.0,5.0,0.05946458185264154,0.07225130890052356,0.0614406779661017,0.029375000000000002,0.023658936519091123,0.12531328320802007,6.191729807439633,Low,0.35252365930599366,0.94,0.9265625,0.31184933910398877,0.568544600938967,61.98960198697898,High,Stable / Resilient,9
Malaysia,2014,458.9,93.0,94.0,6.6,23.5,29.0,3.397,1.281,101.0,9.0,5.0,0.05946458185264154,0.07225130890052356,0.0614406779661017,0.029375000000000002,0.023658936519091123,0.12531328320802007,6.191729807439633,Low,0.27839116719242896,0.8600000000000001,0.90625,0.31184933910398877,0.568544600938967,58.5007021447077,High,Stable / Resilient,9
Malaysia,2015,297.08,92.6,93.59,6.56,23.18,29.86,3.43,1.3,107.52,9.12,5.0,0.058990760483297794,0.07350785340314135,0.06326271186440678,0.028975,0.025186226282501757,0.12531328320802007,6.253930587356129,Low,0.18022324678476095,0.8519999999999999,0.89984375,0.31570943970054977,0.5774647887323943,56.504824504354104,Medium,Stable but Needs Support,8
Malaysia,2016,159.53,92.26,93.24,6.53,22.91,30.59,3.47,1.32,113.06,9.23,5.0,0.05863539445628997,0.07465968586387435,0.0648093220338983,0.0286375,0.02648395408760834,0.12531328320802007,6.308985660828183,Low,0.09677869449162824,0.8452000000000002,0.8943749999999999,0.32038834951456313,0.5868544600938966,54.87193008200176,Medium,Stable but Needs Support,8
Malaysia,2017,42.62,91.97,92.95,6.5,22.68,31.21,3.49,1.34,117.77,9.32,5.0,0.05828002842928216,0.0756020942408377,0.06612288135593221,0.02835,0.02758725696884516,0.12531328320802007,6.354259070048622,Low,0.025855374909002665,0.8393999999999999,0.88984375,0.3227278044215698,0.596244131455399,53.48142121571943,Medium,Stable but Needs Support,8
Malaysia,2018,0.0,91.73,92.69,6.47,22.48,31.74,3.52,1.35,121.78,9.4,5.0,0.05792466240227434,0.07643979057591624,0.0672457627118644,0.0281,0.02852658702272195,0.12531328320802007,6.392501432013282,Low,0.0,0.8346,0.88578125,0.3262369867820798,0.6009389671361501,52.9511440783646,Medium,Stable but Needs Support,8
Malaysia,2019,0.0,91.52,92.48,6.45,22.31,32.19,3.54,1.36,125.18,9.46,5.0,0.05768775171760246,0.07706806282722514,0.06819915254237288,0.0278875,0.029323026469899274,0.12531328320802007,6.424646279418665,Low,0.0,0.8304,0.8825000000000001,0.32857644168908645,0.6056338028169014,52.94220489011976,Medium,Stable but Needs Support,8
Malaysia,2020,0.0,91.34,92.3,6.43,22.17,32.57,3.55,1.37,128.07,9.52,5.0,0.05745084103293058,0.07769633507853403,0.0690042372881356,0.0277125,0.03,0.12531328320802007,6.4529532767936715,Low,0.0,0.8268000000000002,0.8796875,0.32974616914258975,0.6103286384976525,52.931246152804846,Medium,Stable but Needs Support,8
Malaysia,2021,0.0,91.19,92.14,6.42,22.05,32.9,3.57,1.38,130.53,9.57,5.0,0.05733238569059464,0.07821989528795813,0.06970338983050847,0.0275625,0.030576247364722416,0.12531328320802007,6.478461689696728,Low,0.0,0.8238000000000001,0.8771875,0.3320856240495964,0.6150234741784036,52.961931964559994,Medium,Stable but Needs Support,8
Malaysia,2022,0.0,91.06,92.01,6.41,21.95,33.17,3.58,1.39,132.62,9.61,5.0,0.05721393034825871,0.07863874345549737,0.07027542372881357,0.0274375,0.031065823377840245,0.12531328320802007,6.499078401973833,Low,0.0,0.8212000000000002,0.8751562500000001,0.33325535150309976,0.6197183098591548,52.986598227245096,Medium,Stable but Needs Support,8
Malaysia,2023,0.0,90.95,91.9,6.4,21.86,33.41,3.59,1.39,134.4,9.64,5.0,0.05709547500592277,0.07895287958115184,0.07078389830508473,0.027325,0.031482782853127195,0.12531328320802007,6.515888649221775,Low,0.0,0.8190000000000002,0.8734375000000001,0.3344250789566031,0.6197183098591548,52.931617776315164,Medium,Stable but Needs Support,8
Malaysia,2024,0.0,90.86,91.8,6.39,21.79,33.6,3.6,1.4,135.91,9.67,5.0,0.056977019663586814,0.07926701570680629,0.0711864406779661,0.027237499999999998,0.031836495666432416,0.12531328320802007,6.530295915380195,Low,0.0,0.8171999999999999,0.871875,0.33559480641010647,0.624413145539906,52.98165903900025,Medium,Stable but Needs Support,8
Malaysia,2025,0.0,90.78,91.72,6.38,21.72,33.77,3.61,1.4,137.19,9.69,5.0,0.05685856432125089,0.07947643979057592,0.07154661016949153,0.02715,0.03213633169360506,0.12531328320802007,6.541353819715725,Low,0.0,0.8156000000000001,0.870625,0.33676453386360977,0.624413145539906,52.94805358807031,Medium,Stable but Needs Support,8
Myanmar,2004,13.7,82.0,78.0,81.0,14.0,250.0,0.731,0.359,647.0,70.8,39.9,0.9407723288320303,0.7193717277486911,0.5296610169491526,0.0175,0.15155774185992035,1.0,55.98104692316325,High,0.008311089541373452,0.6400000000000001,0.65625,0.0,0.1356807511737089,28.804836814301648,Low,Emergency Priority,1
Myanmar,2005,7.8,73.0,72.0,46.5,10.8,250.0,0.731,0.372,647.0,70.8,36.9,0.5321013977730396,0.7193717277486911,0.5296610169491526,0.013500000000000002,0.15155774185992035,0.924812030075188,47.850065240099866,High,0.0047318611987381696,0.45999999999999996,0.5625,0.0,0.14178403755868543,23.380317975148472,Low,Emergency Priority,1
Myanmar,2006,8.8,82.0,78.0,46.3,10.5,246.6,0.77,0.407,619.3333333333334,66.2,33.7,0.5297322909263208,0.6712041884816755,0.5224576271186441,0.013125,0.14507691106426174,0.8446115288220553,45.43679244021596,High,0.005338510070371269,0.6400000000000001,0.65625,0.004561937068663008,0.15821596244131453,29.287328191606974,Low,Emergency Priority,1
Myanmar,2007,8.1,86.0,81.0,46.5,9.0,243.2,0.791,0.43,591.6666666666666,64.3,30.1,0.5321013977730396,0.6513089005235603,0.5152542372881356,0.01125,0.1385960802686031,0.7543859649122808,43.38160967942699,High,0.0049138558602281,0.72,0.703125,0.007018364721020007,0.16901408450704222,32.0814261017658,Low,Emergency Priority,1
Myanmar,2008,8.9,85.0,82.0,29.5,11.7,239.8,0.812,0.465,564.0,40.7,26.4,0.3307273158019427,0.40418848167539273,0.5080508474576272,0.014624999999999999,0.13211524947294448,0.6616541353383459,34.189350495770896,High,0.005399174957534579,0.7,0.71875,0.009474792373377006,0.18544600938967135,32.381399534411656,Low,Emergency Priority,1
Myanmar,2009,15.1,90.0,87.0,27.2,10.0,236.4,0.843,0.478,544.0,36.5,23.0,0.3034825870646766,0.36020942408376966,0.5008474576271187,0.0125,0.12743031154837198,0.5764411027568923,31.34851471801382,High,0.00916039796165979,0.8,0.796875,0.013100947479237332,0.19154929577464785,36.2137128243109,Low,Emergency Priority,1
Myanmar,2010,27.8,90.0,88.0,27.1,11.7,233.0,0.874,0.511,525.0,34.9,20.2,0.3022980336413173,0.343455497382199,0.4936440677966102,0.014624999999999999,0.12297962052002812,0.506265664160401,29.721131391675932,High,0.016864838631400144,0.8,0.8125,0.016727102585097672,0.20704225352112673,37.06268389475249,Low,Emergency Priority,1
Myanmar,2011,35.2,83.5,84.9,27.0,11.7,222.0,0.901,0.539,506.0,33.9,18.0,0.30111348021795786,0.3329842931937173,0.4703389830508475,0.014624999999999999,0.11852892949168424,0.4511278195488722,28.14530842505132,High,0.021354040281485076,0.6699999999999999,0.7640625000000001,0.01988536670955668,0.22018779342723002,33.90979400836544,Low,Emergency Priority,1
Myanmar,2012,236.4,85.0,84.0,26.0,8.1,211.0,0.93,0.568,489.0,29.6,16.5,0.28926794598436395,0.2879581151832461,0.4470338983050847,0.010125,0.11454673225579762,0.4135338345864662,26.041092105249312,High,0.14341179325406453,0.7,0.75,0.023277576324716345,0.2338028169014084,37.00984372960378,Low,Emergency Priority,1
Myanmar,2013,219.4,90.0,86.0,24.3,6.8,200.0,0.93,0.568,473.0,29.6,15.5,0.26913053778725426,0.2879581151832461,0.423728813559322,0.0085,0.11079878191613961,0.3884711779448622,24.809790439847067,High,0.13309876243630187,0.8,0.78125,0.023277576324716345,0.2338028169014084,39.428583113248536,Low,Emergency Priority,1
Myanmar,2014,337.4,92.0,88.0,24.3,4.1,200.0,0.93,0.568,457.0,29.6,14.9,0.26913053778725426,0.2879581151832461,0.423728813559322,0.005124999999999999,0.10705083157648161,0.3734335839598998,24.44044803443673,High,0.20468332928900748,0.8400000000000001,0.8125,0.023277576324716345,0.2338028169014084,42.285274450302644,Low,Emergency Priority,1
Myanmar,2015,417.74,93.05,88.11,23.47,2.09,191.2,0.94,0.58,440.1,28.11,13.59,0.25929874437337125,0.2723560209424084,0.40508474576271186,0.0026125,0.10309205903021786,0.3406015037593985,23.050759564468468,High,0.2534214996360107,0.861,0.81421875,0.024447303778219673,0.2394366197183098,43.8504834626508,Low,Emergency Priority,1
Myanmar,2016,486.03,93.94,88.2,22.76,0.38,183.72,0.96,0.59,425.74,26.84,12.48,0.2508884150675196,0.25905759162303665,0.3892372881355932,0.000475,0.0997282736003748,0.3127819548872181,21.869475388562375,Medium,0.29484955107983496,0.8788,0.815625,0.026786758685226342,0.24413145539906098,45.203855303282445,Low,Preventive Priority,3
Myanmar,2017,544.07,94.7,88.28,22.16,0.0,177.36,0.97,0.6,413.52,25.77,11.53,0.2437810945273632,0.24785340314136128,0.3757627118644068,0.0,0.096865776528461,0.28897243107769427,20.887256952321444,Medium,0.33005945158942,0.8940000000000001,0.816875,0.02795648613872967,0.24882629107981216,46.35434457615924,Low,Preventive Priority,3
Myanmar,2018,593.41,95.35,88.35,21.66,0.0,171.96,0.97,0.61,403.15,24.85,10.73,0.2378583274105662,0.23821989528795817,0.3643220338983051,0.0,0.09443663621457016,0.26892230576441106,20.062653309596847,Medium,0.35999150691579707,0.907,0.8179687499999999,0.02795648613872967,0.2535211267605634,47.3287573963018,Medium,Moderate Priority,5
Myanmar,2019,635.35,95.89,88.41,21.22,0.0,167.36,0.98,0.62,394.32,24.07,10.04,0.23264629234778486,0.23005235602094243,0.3545762711864407,0.0,0.0923682361208714,0.25162907268170426,19.354537139295726,Medium,0.3854343605920893,0.9178,0.81890625,0.02912621359223301,0.2582159624413145,48.18965573251274,Medium,Moderate Priority,5
Myanmar,2020,671.0,96.36,88.46,20.85,0.0,163.46,0.99,0.63,386.83,23.41,9.46,0.22826344468135515,0.2231413612565445,0.3463135593220339,0.0,0.090613726868119,0.23709273182957397,18.757080399293777,Medium,0.4070613928658092,0.9272,0.8196874999999999,0.030295941045736338,0.26291079812206575,48.94311264067223,Medium,Moderate Priority,5
Myanmar,2021,701.3,96.76,88.5,20.54,0.0,160.14,0.99,0.63,380.45,22.85,8.97,0.224591329068941,0.2172774869109948,0.3392796610169491,0.0,0.08911923167018036,0.224812030075188,18.251328979037552,Medium,0.4254428536762921,0.9352000000000003,0.8203125,0.030295941045736338,0.26291079812206575,49.483241856881875,Medium,Moderate Priority,5
Myanmar,2022,727.05,97.09,88.53,20.27,0.0,157.32,1.0,0.64,375.03,22.37,8.55,0.22139303482587064,0.21225130890052357,0.3333050847457627,0.0,0.08784961349262121,0.21428571428571433,17.818079270841544,Medium,0.44106406212084437,0.9418000000000002,0.82078125,0.03146566849923968,0.2676056338028169,50.05433228845803,Medium,Moderate Priority,5
Myanmar,2023,748.95,97.38,88.56,20.05,0.0,154.92,1.0,0.64,370.43,21.97,8.19,0.21878701729448,0.20806282722513086,0.3282203389830508,0.0,0.08677207776996955,0.20526315789473684,17.451756986122803,Medium,0.4543496724096093,0.9476,0.82125,0.03146566849923968,0.2676056338028169,50.44541949423331,Medium,Moderate Priority,5
Myanmar,2024,767.55,97.62,88.59,19.86,0.0,152.88,1.01,0.64,366.51,21.62,7.89,0.21653636579009714,0.20439790575916233,0.32389830508474576,0.0,0.08585382993675333,0.19774436090225564,17.1405127912169,Medium,0.46563334142198487,0.9524000000000001,0.82171875,0.03263539595274302,0.2676056338028169,50.7998624235509,Medium,Moderate Priority,5
Myanmar,2025,783.37,97.83,88.61,19.69,0.0,151.15,1.01,0.65,363.19,21.33,7.63,0.21452262497038618,0.2013612565445026,0.3202330508474576,0.0,0.0850761302412743,0.1912280701754386,16.873685546317656,Medium,0.47523052657122056,0.9566000000000001,0.82203125,0.03263539595274302,0.272300469483568,51.17595284015063,Medium,Moderate Priority,5
Philippines,2004,12.6,87.0,80.0,35.0,56.1,144.0,5.774,1.11,293.0,40.0,18.6,0.39587775408670933,0.3968586387434555,0.3050847457627119,0.070125,0.06863434059498712,0.46616541353383467,28.37909821202831,High,0.007643775782577043,0.74,0.6875,0.5898935548017312,0.488262910798122,50.2660048276486,Medium,High Priority,2
Philippines,2005,13.8,87.0,80.0,27.0,56.1,144.0,5.774,1.11,162.2,34.0,17.6,0.30111348021795786,0.3340314136125655,0.3050847457627119,0.070125,0.03799484656828297,0.44110275689223066,24.824204050895812,High,0.008371754428536762,0.74,0.6875,0.5898935548017312,0.488262910798122,50.2805644005678,Medium,High Priority,2
Philippines,2006,7.1,87.0,92.0,25.0,40.7,141.0,5.774,1.11,151.5,32.0,16.4,0.27742241175077,0.3130890052356021,0.298728813559322,0.050875000000000004,0.035488404778636684,0.41102756892230574,23.110520070777273,High,0.004307206988595,0.74,0.875,0.5898935548017312,0.488262910798122,53.94927345176897,Medium,High Priority,2
Philippines,2007,31.1,87.0,92.0,23.0,41.0,138.0,5.774,1.11,151.6,33.0,15.0,0.2537313432835821,0.3235602094240838,0.2923728813559322,0.051250000000000004,0.035511829468259544,0.3759398496240602,22.206101885931965,High,0.01886677990778937,0.74,0.875,0.5898935548017312,0.488262910798122,54.24046491015285,Medium,High Priority,2
Philippines,2008,34.1,87.0,92.0,24.5,26.2,135.0,5.774,1.11,273.1,34.0,13.8,0.271499644633973,0.3340314136125655,0.2860169491525424,0.03275,0.06397282736003748,0.3458646616541354,22.235591606887564,High,0.020686726522688666,0.74,0.875,0.5898935548017312,0.488262910798122,54.27686384245083,Medium,High Priority,2
Philippines,2009,95.8,87.0,88.0,23.0,21.6,132.0,5.774,1.11,340.4,35.0,13.0,0.2537313432835821,0.34450261780104713,0.2796610169491525,0.027000000000000003,0.07973764347622393,0.32581453634085217,21.840785964180963,Medium,0.05811696190245085,0.74,0.8125,0.5898935548017312,0.488262910798122,53.77546855004608,Medium,Moderate Priority,5
Philippines,2010,122.2,87.0,88.0,24.5,21.0,129.0,5.774,1.11,97.0,36.0,13.0,0.271499644633973,0.3549738219895288,0.2733050847457627,0.02625,0.022721948934176624,0.32581453634085217,21.242750610738227,Medium,0.07413249211356467,0.74,0.8125,0.5898935548017312,0.488262910798122,54.09577915426836,Medium,Moderate Priority,5
Philippines,2011,187.9,81.0,79.0,23.9,9.8,126.0,5.774,1.11,292.4,25.0,13.4,0.26439232409381663,0.23979057591623038,0.2669491525423729,0.01225,0.06849379245724993,0.33583959899749377,19.795257400119393,Medium,0.11398932297985925,0.6200000000000001,0.671875,0.5898935548017312,0.488262910798122,49.680415771594255,Medium,Moderate Priority,5
Philippines,2012,215.4,86.0,85.0,27.0,9.8,123.0,5.774,1.11,461.0,25.0,13.9,0.30111348021795786,0.23979057591623038,0.260593220338983,0.01225,0.10798781916139612,0.3483709273182958,21.16843371588105,Medium,0.13067216694976946,0.72,0.765625,0.5898935548017312,0.488262910798122,53.88907265099245,Medium,Moderate Priority,5
Philippines,2013,265.9,98.0,90.0,20.0,9.8,120.0,5.774,1.11,461.0,25.0,14.0,0.21819474058280028,0.23979057591623038,0.2542372881355932,0.01225,0.10798781916139612,0.3508771929824562,19.722293612974603,Medium,0.16130793496724094,0.96,0.84375,0.5898935548017312,0.488262910798122,60.864288011341884,High,Controlled Risk,7
Philippines,2014,294.9,86.0,88.0,20.0,9.8,120.0,5.774,1.11,461.0,25.0,13.9,0.21819474058280028,0.23979057591623038,0.2542372881355932,0.01225,0.10798781916139612,0.3483709273182958,19.68052251857193,Medium,0.17890075224460078,0.72,0.8125,0.5898935548017312,0.488262910798122,55.79114435688908,Medium,Moderate Priority,5
Philippines,2015,337.24,87.5,89.1,18.71,7.56,117.6,5.77,1.11,550.66,22.8,14.14,0.20291400142146412,0.21675392670157068,0.24915254237288134,0.00945,0.1289903958772546,0.35438596491228075,19.36078052142419,Medium,0.20458626546954622,0.75,0.8296874999999999,0.5894256638203298,0.488262910798122,57.23924680175996,Medium,Moderate Priority,5
Philippines,2016,373.23,88.78,90.03,17.61,5.66,115.56,5.77,1.11,626.87,20.93,14.34,0.18988391376451078,0.19717277486910995,0.24483050847457627,0.0070750000000000006,0.14684235183883815,0.35939849624060155,19.086717419793946,Medium,0.22641955835962144,0.7756000000000001,0.84421875,0.5894256638203298,0.488262910798122,58.47853765956146,High,Controlled Risk,7
Philippines,2017,403.82,89.86,90.83,16.68,4.04,113.83,5.77,1.11,691.65,19.34,14.52,0.1788675669272684,0.18052356020942412,0.24116525423728813,0.00505,0.16201686577652846,0.36390977443609024,18.858883693109988,Medium,0.24497694734287792,0.7972000000000001,0.85671875,0.5894256638203298,0.488262910798122,59.5316854392266,High,Controlled Risk,7
Philippines,2018,429.82,90.78,91.51,15.89,2.66,112.35,5.77,1.11,746.71,17.99,14.66,0.1695095948827292,0.1663874345549738,0.23802966101694914,0.0033250000000000003,0.17491449988287655,0.3674185463659148,18.65974561172406,Medium,0.2607498180053385,0.8156000000000001,0.8673437500000001,0.5894256638203298,0.488262910798122,60.42764285247581,High,Controlled Risk,7
Philippines,2019,451.92,91.56,92.08,15.22,1.49,111.1,5.77,1.11,793.52,16.84,14.79,0.16157308694622127,0.1543455497382199,0.23538135593220338,0.0018625,0.1858795970953385,0.3706766917293233,18.495313024021776,Medium,0.27415675806843,0.8312000000000002,0.87625,0.5894256638203298,0.488262910798122,61.185906653737646,High,Controlled Risk,7
Philippines,2020,470.71,92.23,92.57,14.64,0.5,110.03,5.77,1.11,833.3,15.86,14.9,0.1547026770907368,0.14408376963350783,0.23311440677966103,0.000625,0.1951979386273132,0.3734335839598998,18.352622934851972,Medium,0.28555569036641587,0.8446,0.8839062499999999,0.5894256638203298,0.488262910798122,61.835010299697345,High,Controlled Risk,7
Philippines,2021,486.68,92.79,92.98,14.16,0.0,109.13,5.77,1.11,867.11,15.04,14.99,0.14901682065861172,0.13549738219895285,0.23120762711864407,0.0,0.203117826188803,0.37568922305764413,18.242147987044262,Medium,0.29524387284639647,0.8558000000000001,0.8903125000000001,0.5894256638203298,0.488262910798122,62.38089894929697,High,Controlled Risk,7
Philippines,2022,500.25,93.28,93.34,13.74,0.0,108.36,5.77,1.11,895.86,14.33,15.06,0.14404169628050226,0.1280628272251309,0.22957627118644067,0.0,0.20985242445537597,0.3774436090225564,18.14961380283344,Medium,0.30347609803445763,0.8656000000000001,0.8959375,0.5894256638203298,0.488262910798122,62.854043453058196,High,Controlled Risk,7
Philippines,2023,511.79,93.68,93.63,13.39,0.0,107.71,5.77,1.11,920.29,13.73,15.13,0.13989575929874437,0.12178010471204188,0.22819915254237286,0.0,0.21557507613024127,0.3791979949874687,18.07746812784782,Medium,0.3104768260131036,0.8736000000000002,0.9004687499999999,0.5894256638203298,0.488262910798122,63.24468301263111,High,Controlled Risk,7
Philippines,2024,521.6,94.03,93.89,13.09,0.0,107.15,5.77,1.11,941.05,13.22,15.19,0.1363420990286662,0.11643979057591623,0.2270127118644068,0.0,0.22043804169594752,0.38070175438596493,18.01557329251503,Medium,0.3164280514438243,0.8806,0.90453125,0.5894256638203298,0.488262910798122,63.58495752124552,High,Controlled Risk,7
Philippines,2025,529.93,94.33,94.11,12.84,0.0,106.68,5.77,1.11,958.71,12.79,15.23,0.1333807154702677,0.1119371727748691,0.2260169491525424,0.0,0.22457484188334506,0.3817042606516291,17.96023233221089,Medium,0.321481436544528,0.8866,0.90796875,0.5894256638203298,0.488262910798122,63.8747752232596,High,Controlled Risk,7
Singapore,2004,50.9,96.0,94.0,2.0,3.9,13.3,4.418,1.484,40.0,3.0,14.9,0.004975124378109451,0.00942408376963351,0.028177966101694915,0.004875,0.009369875849144999,0.3734335839598998,7.170927234308044,Low,0.030878427566124723,0.9199999999999999,0.90625,0.4312785121066791,0.6638497652582158,59.04513409862039,High,Stable / Resilient,9
Singapore,2005,50.9,96.0,96.0,2.1,3.9,13.3,4.486,1.501,37.2,2.9,14.9,0.006159677801468845,0.008376963350785336,0.028177966101694915,0.004875,0.00871398453970485,0.3734335839598998,7.162286262559229,Low,0.030878427566124723,0.9199999999999999,0.9375,0.4392326587905018,0.6718309859154928,59.98884144544239,High,Stable / Resilient,9
Singapore,2006,107.1,96.0,93.0,2.6,4.1,10.4,4.535,1.502,35.9,2.9,14.9,0.012082444918265812,0.008376963350785336,0.022033898305084745,0.005124999999999999,0.008409463574607636,0.3734335839598998,7.157689235144056,Low,0.06497209415190487,0.9199999999999999,0.890625,0.4449643233126682,0.6723004694835679,59.85723773896282,High,Stable / Resilient,9
Singapore,2007,174.8,96.0,95.0,2.1,3.4,7.6,4.719,1.56,35.0,2.9,14.9,0.006159677801468845,0.008376963350785336,0.016101694915254237,0.00425,0.008198641368001873,0.3734335839598998,6.942009356590168,Low,0.10604222276146566,0.9199999999999999,0.921875,0.4664873084571295,0.6995305164319248,62.27870095301039,High,Stable / Resilient,9
Singapore,2008,307.1,96.0,95.0,2.1,3.1,7.5,4.992,1.617,40.3,2.7,14.9,0.006159677801468845,0.006282722513089006,0.015889830508474576,0.0038750000000000004,0.009440149918013585,0.3734335839598998,6.918016078349097,Low,0.18630186847852462,0.9199999999999999,0.921875,0.4984208679377705,0.7262910798122064,65.05777632457004,High,Stable / Resilient,9
Singapore,2009,488.8,97.0,95.0,2.2,3.4,0.0,5.396,1.676,39.4,2.8,14.9,0.007344231224828239,0.007329842931937169,0.0,0.00425,0.009229327711407824,0.3734335839598998,6.693116430467884,Low,0.29652996845425866,0.94,0.921875,0.5456778570593052,0.7539906103286383,69.16146871684404,High,Stable / Resilient,9
Singapore,2010,355.7,97.0,95.0,2.0,3.7,2.6,5.777,1.736,39.9,2.9,14.9,0.004975124378109451,0.008376963350785336,0.005508474576271186,0.004625000000000001,0.009346451159522135,0.3734335839598998,6.771093290409798,Low,0.2157850036398932,0.94,0.921875,0.5902444730377823,0.7821596244131455,69.00128202181641,High,Stable / Resilient,9
Singapore,2011,360.2,96.0,95.0,2.0,2.9,8.0,5.194,1.747,41.0,2.9,14.9,0.004975124378109451,0.008376963350785336,0.01694915254237288,0.0036249999999999998,0.009604122745373624,0.3734335839598998,6.949399116275686,Low,0.21851492356224214,0.9199999999999999,0.921875,0.5220493624985378,0.7873239436619718,67.39526459445504,High,Stable / Resilient,9
Singapore,2012,484.1,96.0,95.0,1.8,2.7,2.0,5.55,1.82,41.5,2.7,14.9,0.0026060175313906628,0.006282722513089006,0.00423728813559322,0.0033750000000000004,0.009721246193487937,0.3734335839598998,6.660930972224344,Low,0.2936787187575831,0.9199999999999999,0.921875,0.5636916598432565,0.8215962441314553,70.4168324546459,High,Stable / Resilient,9
Singapore,2013,577.8,96.0,95.0,2.0,2.1,3.0,5.649,1.913,37.6,2.6,14.9,0.004975124378109451,0.005235602094240836,0.006355932203389831,0.002625,0.0088076832981963,0.3734335839598998,6.690548765563936,Low,0.3505217180296044,0.9199999999999999,0.921875,0.5752719616329396,0.8652582159624412,72.6585379124997,High,Stable / Resilient,9
Singapore,2014,905.3,96.0,94.0,1.8,1.1,2.0,5.649,1.913,36.9,2.6,14.9,0.0026060175313906628,0.005235602094240836,0.00423728813559322,0.0013750000000000001,0.008643710470836261,0.3734335839598998,6.592186703199346,Low,0.5491992234894443,0.9199999999999999,0.90625,0.5752719616329396,0.8652582159624412,76.31958802169649,High,Stable / Resilient,9
Singapore,2015,1036.98,95.8,93.8,1.76,0.5,1.38,5.67,1.97,35.96,2.51,14.9,0.0021321961620469065,0.004293193717277481,0.002923728813559322,0.000625,0.008423518388381354,0.3734335839598998,6.530520350686081,Low,0.6290827469060907,0.9159999999999999,0.903125,0.5777283892852966,0.8920187793427229,78.35909831068221,High,Stable / Resilient,9
Singapore,2016,1148.91,95.63,93.63,1.73,0.0,0.85,5.69,2.01,35.16,2.43,14.9,0.0017768301350390876,0.0034554973821989514,0.0018008474576271187,0.0,0.008236120871398453,0.3734335839598998,6.478381330102724,Low,0.6969849551079835,0.9125999999999999,0.9004687499999999,0.5800678441923033,0.9107981220657274,80.01839342732028,High,Stable / Resilient,9
Singapore,2017,1244.05,95.49,93.49,1.7,0.0,0.41,5.7,2.05,34.48,2.37,14.9,0.0014214641080312687,0.0028272251308900515,0.0008686440677966101,0.0,0.008076832981962987,0.3734335839598998,6.443795837476345,Low,0.7547015287551564,0.9097999999999999,0.8982812499999999,0.5812375716458066,0.9295774647887322,81.47195630379389,High,Stable / Resilient,9
Singapore,2018,1324.91,95.36,93.36,1.67,0.0,0.02,5.71,2.08,33.9,2.31,14.9,0.0010660980810234498,0.0021989528795811515,4.2372881355932206e-05,0.0,0.007940969782150387,0.3734335839598998,6.411366293066845,Low,0.8037551565154089,0.9072,0.89625,0.5824072990993099,0.9436619718309858,82.66548854891408,High,Stable / Resilient,9
Singapore,2019,1393.65,95.26,93.26,1.65,0.0,0.0,5.72,2.11,33.41,2.27,14.9,0.0008291873963515717,0.0017801047120418814,0.0,0.0,0.00782618880299836,0.3734335839598998,6.39781774785486,Low,0.845456199951468,0.9052000000000002,0.8946875000000001,0.5835770265528132,0.9577464788732393,83.73334410755042,High,Stable / Resilient,9
Singapore,2020,1452.08,95.17,93.17,1.63,0.0,0.0,5.73,2.13,33.0,2.23,14.9,0.0005922767116796936,0.0013612565445026148,0.0,0.0,0.007730147575544624,0.3734335839598998,6.385287746527111,Low,0.8809026935209899,0.9034,0.89328125,0.5847467540063166,0.9671361502347416,84.58933695524095,High,Stable / Resilient,9
Singapore,2021,1501.74,95.09,93.09,1.62,0.0,0.0,5.74,2.15,32.64,2.19,14.9,0.00047382136934375624,0.0009424083769633482,0.0,0.0,0.007645818692902319,0.3734335839598998,6.3749272066518206,Low,0.9110288764862896,0.9018000000000002,0.89203125,0.5859164814598199,0.976525821596244,85.34604859084706,High,Stable / Resilient,9
Singapore,2022,1543.96,95.03,93.03,1.61,0.0,0.0,5.75,2.17,32.34,2.16,14.9,0.0003553660270078189,0.0006282722513088999,0.0,0.0,0.007575544624033733,0.3734335839598998,6.366546114370837,Low,0.9366415918466391,0.9006000000000001,0.89109375,0.5870862089133232,0.9859154929577463,86.02674087435418,High,Stable / Resilient,9
Singapore,2023,1579.84,94.98,92.98,1.6,0.0,0.0,5.75,2.18,32.08,2.14,14.9,0.00023691068467187812,0.0004188481675392666,0.0,0.0,0.007514640431014289,0.3734335839598998,6.3600663873854195,Low,0.9584081533608346,0.8996000000000002,0.8903125000000001,0.5870862089133232,0.9906103286384975,86.52034381825311,High,Stable / Resilient,9
Singapore,2024,1610.34,94.93,92.93,1.59,0.0,0.0,5.76,2.19,31.87,2.12,14.9,0.00011845534233593732,0.0002094240837696333,0.0,0.0,0.0074654485828062785,0.3734335839598998,6.3537818661468615,Low,0.9769109439456442,0.8986000000000001,0.8895312500000001,0.5882559363668265,0.9953051643192488,86.9720658926344,High,Stable / Resilient,9
Singapore,2025,1636.26,94.89,92.89,1.58,0.0,0.0,5.76,2.2,31.68,2.1,14.9,0.0,0.0,0.0,0.0,0.007420941672522839,0.3734335839598998,6.347575427207043,Low,0.9926352826983741,0.8978000000000002,0.88890625,0.5882559363668265,1.0,87.35194938130402,High,Stable / Resilient,9
Thailand,2004,242.4,98.0,96.0,7.5,45.2,11.7,1.479,0.289,142.0,11.3,15.0,0.07012556266287609,0.09633507853403142,0.024788135593220337,0.0565,0.033263059264464746,0.3759398496240602,10.949194761310881,Medium,0.14705168648386313,0.96,0.9375,0.08749561352204939,0.10281690140845068,44.69728402828726,Low,Preventive Priority,3
Thailand,2005,276.0,98.0,96.0,7.6,45.2,11.7,1.5075,0.2875,51.9,10.8,13.4,0.07131011608623548,0.09109947643979059,0.024788135593220337,0.0565,0.012157413914265636,0.33583959899749377,9.86157901718343,Medium,0.16743508857073525,0.96,0.9375,0.09082933676453388,0.102112676056338,45.157542027832136,Low,Preventive Priority,3
Thailand,2006,360.6,98.0,96.0,7.4,46.3,11.7,1.536,0.286,53.4,10.4,11.7,0.06894100923951671,0.08691099476439791,0.024788135593220337,0.057874999999999996,0.012508784258608572,0.2932330827067669,9.070950109375175,Medium,0.2187575831108954,0.96,0.9375,0.09416306000701836,0.10140845070422533,46.236581876442784,Low,Preventive Priority,3
Thailand,2007,407.5,98.0,96.0,7.2,49.1,12.2,1.524,0.295,53.8,10.0,10.4,0.06657190239279791,0.08272251308900523,0.025847457627118643,0.061375000000000006,0.012602483017100022,0.26065162907268175,8.49618308664506,Medium,0.24720941519048772,0.96,0.9375,0.09275938706281438,0.10563380281690138,46.862052101404075,Low,Preventive Priority,3
Thailand,2008,614.8,98.0,96.0,7.3,45.7,11.3,1.586,0.317,54.3,9.9,9.7,0.0677564558161573,0.08167539267015707,0.023940677966101696,0.057125,0.012719606465214335,0.2431077694235589,8.105415039019821,Low,0.37296772628002905,0.96,0.9375,0.10001169727453506,0.11596244131455397,49.728837297382356,Medium,Stable but Needs Support,8
Thailand,2009,648.9,99.0,98.0,7.1,36.6,10.8,1.65,0.34,63.1,9.8,9.5,0.06538734896943851,0.0806282722513089,0.02288135593220339,0.045750000000000006,0.014780979152026237,0.2380952380952381,7.792053240003587,Low,0.3936544528027177,0.98,0.96875,0.10749795297695637,0.1267605633802817,51.533259383199116,Medium,Stable but Needs Support,8
Thailand,2010,583.7,99.0,98.0,7.0,40.3,10.2,2.08,0.394,63.7,9.8,9.3,0.06420279554607912,0.0806282722513089,0.021610169491525423,0.050374999999999996,0.014921527289763412,0.23308270676691734,7.747007855759904,Low,0.35410094637223977,0.98,0.96875,0.15779623347759975,0.15211267605633802,52.25519711812354,Medium,Stable but Needs Support,8
Thailand,2011,1009.4,99.0,98.0,6.6,33.0,8.9,2.08,0.394,66.9,9.0,8.9,0.05946458185264154,0.07225130890052356,0.01885593220338983,0.04125,0.01567111735769501,0.2230576441102757,7.175843073742094,Low,0.6123513710264498,0.98,0.96875,0.15779623347759975,0.15211267605633802,57.420205611207756,Medium,Stable but Needs Support,8
Thailand,2012,1253.4,99.0,98.0,6.8,33.0,17.6,2.08,0.394,159.0,9.0,8.6,0.06183368869936033,0.07225130890052356,0.03728813559322034,0.04125,0.03724525650035137,0.2155388471177945,7.756787280187502,Low,0.760373695704926,0.98,0.96875,0.15779623347759975,0.15211267605633802,60.380652104777276,High,Stable / Resilient,9
Thailand,2013,991.1,100.0,98.0,6.8,33.0,26.0,2.08,0.394,159.0,9.0,8.3,0.06183368869936033,0.07225130890052356,0.05508474576271186,0.04125,0.03724525650035137,0.20802005012531333,7.928084166471007,Low,0.6012496966755642,1.0,0.96875,0.15779623347759975,0.15211267605633802,57.59817212419003,Medium,Stable but Needs Support,8
Thailand,2014,964.6,100.0,99.0,6.8,33.0,26.0,2.08,0.394,159.0,9.0,7.9,0.06183368869936033,0.07225130890052356,0.05508474576271186,0.04125,0.03724525650035137,0.1979949874686717,7.760999788860314,Low,0.585173501577287,1.0,0.984375,0.15779623347759975,0.15211267605633802,57.589148222224495,Medium,Stable but Needs Support,8
Thailand,2015,1038.95,100.0,99.2,6.78,31.54,30.87,2.08,0.39,187.27,8.84,7.56,0.061596778014688464,0.07057591623036649,0.06540254237288136,0.039425,0.0438674162567346,0.18947368421052632,7.8390222847532876,Low,0.630277845183208,1.0,0.9875,0.15779623347759975,0.15023474178403753,58.516176408896904,High,Stable / Resilient,9
Thailand,2016,1102.15,100.0,99.37,6.76,30.3,35.01,2.08,0.39,211.3,8.7,7.27,0.06135986733001658,0.06910994764397906,0.07417372881355931,0.037875,0.049496369173108457,0.18220551378446115,7.903673779085409,Low,0.6686180538704198,1.0,0.9901562500000001,0.15779623347759975,0.15023474178403753,59.33610558264114,High,Stable / Resilient,9
Thailand,2017,1155.87,100.0,99.51,6.75,29.24,38.53,2.08,0.39,231.72,8.59,7.03,0.06124141198768064,0.06795811518324607,0.08163135593220339,0.03655,0.05427969079409698,0.1761904761904762,7.964184168128387,Low,0.7012072312545498,1.0,0.9923437500000001,0.15779623347759975,0.15023474178403753,60.03163913032375,High,Stable / Resilient,9
Thailand,2018,1201.53,100.0,99.64,6.74,28.35,41.52,2.08,0.39,249.09,8.49,6.82,0.0611229566453447,0.06691099476439791,0.08796610169491526,0.035437500000000004,0.05834855938158819,0.17092731829573937,8.01189051303309,Low,0.7289068187333171,1.0,0.994375,0.15779623347759975,0.15023474178403753,60.626255879899084,High,Stable / Resilient,9
Thailand,2019,1240.34,100.0,99.74,6.73,27.59,44.06,2.08,0.39,263.84,8.41,6.64,0.061004501303008773,0.06607329842931937,0.09334745762711864,0.0344875,0.06180370110096041,0.16641604010025063,8.052208309344296,Low,0.7524508614413976,1.0,0.9959374999999999,0.15779623347759975,0.15023474178403753,61.12838673406069,High,Stable / Resilient,9
Thailand,2020,1273.33,100.0,99.83,6.72,26.94,46.22,2.08,0.39,276.39,8.34,6.49,0.06088604596067282,0.06534031413612565,0.09792372881355932,0.033675000000000004,0.06474349964862965,0.16265664160401005,8.08708716938329,Low,0.7724642077165735,1.0,0.99734375,0.15779623347759975,0.15023474178403753,61.556778659564216,High,Stable / Resilient,9
Thailand,2021,1301.37,100.0,99.91,6.71,26.39,48.06,2.08,0.39,287.05,8.28,6.36,0.06076759061833688,0.06471204188481675,0.10182203389830509,0.0329875,0.0672405715624268,0.1593984962406015,8.115470570074784,Medium,0.7894746420771656,1.0,0.99859375,0.15779623347759975,0.15023474178403753,61.92198734677605,High,Controlled Risk,7
Thailand,2022,1325.2,100.0,99.97,6.7,25.92,49.62,2.08,0.39,296.11,8.22,6.25,0.06064913527600095,0.06408376963350786,0.10512711864406779,0.032400000000000005,0.06936284844225814,0.15664160401002508,8.13774126676433,Medium,0.8039310846881824,1.0,0.99953125,0.15779623347759975,0.15023474178403753,62.2298661989964,High,Controlled Risk,7
Thailand,2023,1345.46,100.0,100.0,6.7,25.52,50.95,2.08,0.39,303.81,8.18,6.16,0.06064913527600095,0.06366492146596858,0.1079449152542373,0.0319,0.07116654954321855,0.1543859649122807,8.161858107528435,Medium,0.816221790827469,1.0,1.0,0.15779623347759975,0.15023474178403753,62.48505532178213,High,Controlled Risk,7
Thailand,2024,1362.68,100.0,100.0,6.69,25.18,52.07,2.08,0.39,310.36,8.14,6.08,0.06053067993366501,0.06324607329842932,0.1103177966101695,0.031475,0.07270086671351605,0.1523809523809524,8.177522815612205,Medium,0.826668284396991,1.0,1.0,0.15779623347759975,0.15023474178403753,62.693985193172566,High,Controlled Risk,7
Thailand,2025,1377.32,100.0,100.0,6.69,24.9,53.03,2.08,0.39,315.93,8.11,6.01,0.06053067993366501,0.06293193717277487,0.11235169491525424,0.031125,0.07400562192550948,0.1506265664160401,8.192858339387394,Medium,0.8355496238776995,1.0,1.0,0.15779623347759975,0.15023474178403753,62.87161198278673,High,Controlled Risk,7
Viet Nam,2004,189.0,92.0,97.0,18.0,99.3,80.0,0.827,1.201,176.0,26.8,19.9,0.19450367211561242,0.2586387434554974,0.1694915254237288,0.124125,0.041227453736238,0.4987468671679198,21.445554364983277,Medium,0.11465663673865566,0.8400000000000001,0.953125,0.011229383553631997,0.5309859154929577,48.99993871570491,Medium,Moderate Priority,5
Viet Nam,2005,274.5,92.0,95.0,17.8,99.3,80.0,0.827,1.201,116.0,24.1,19.0,0.19213456526889364,0.23036649214659688,0.1694915254237288,0.124125,0.027172639962520496,0.4761904761904762,20.324678316536936,Medium,0.1665251152632856,0.8400000000000001,0.921875,0.011229383553631997,0.5309859154929577,49.4123082861975,Medium,Moderate Priority,5
Viet Nam,2006,305.4,92.0,96.4,16.0,91.6,75.1,0.876,1.196,118.0,24.1,18.5,0.17081260364842454,0.23036649214659688,0.1591101694915254,0.11449999999999999,0.027641133754977745,0.4636591478696742,19.434825781853316,Medium,0.18527056539674833,0.8400000000000001,0.9437500000000001,0.016961048075798346,0.5286384976525821,50.292402222502574,Medium,Moderate Priority,5
Viet Nam,2007,299.3,92.0,82.8,13.0,70.9,75.0,0.946,1.208,117.0,22.5,17.8,0.13527600094764275,0.21361256544502621,0.15889830508474576,0.08862500000000001,0.027406886858749122,0.4461152882205514,17.832234109278588,Medium,0.18157000727978645,0.8400000000000001,0.73125,0.025149140250321667,0.5342723004694835,46.244828959991835,Low,Preventive Priority,3
Viet Nam,2008,519.1,92.0,95.6,15.0,60.5,76.0,1.017,1.237,116.0,24.1,16.8,0.1589670694148306,0.23036649214659688,0.16101694915254236,0.075625,0.027172639962520496,0.4210526315789474,17.903346370923963,Medium,0.3149114292647415,0.8400000000000001,0.9312499999999999,0.03345420517019533,0.5478873239436619,53.350059167571985,Medium,Moderate Priority,5
Viet Nam,2009,916.9,96.0,97.0,16.0,60.9,69.0,0.968,1.124,114.0,23.8,15.6,0.17081260364842454,0.22722513089005236,0.1461864406779661,0.076125,0.026704146170063246,0.3909774436090226,17.300512749925478,Medium,0.5562363504003882,0.9199999999999999,0.953125,0.02772254064802901,0.4948356807511737,59.03839143599181,High,Controlled Risk,7
Viet Nam,2010,631.3,93.0,97.8,15.8,62.0,69.0,1.064,1.127,62.0,23.3,14.5,0.16844349680170576,0.22198952879581152,0.1461864406779661,0.0775,0.014523307566174749,0.3634085213032582,16.53418825241527,Medium,0.3829774326619752,0.8600000000000001,0.965625,0.03895192420166102,0.4962441314553989,54.875969766380706,Medium,Moderate Priority,5
Viet Nam,2011,648.2,95.0,96.5,15.5,51.6,62.333333333333336,1.13,1.152,323.0,23.2,13.6,0.1648898365316276,0.22094240837696333,0.13206214689265539,0.0645,0.07566174748184587,0.3408521303258146,16.648471160148446,Medium,0.3932297985925746,0.9000000000000001,0.9453125,0.04667212539478301,0.5079812206572769,55.863912892892685,Medium,Moderate Priority,5
Viet Nam,2012,671.4,97.0,96.4,15.4,51.6,55.666666666666664,1.274,1.266,218.0,23.1,13.0,0.16370528310826818,0.2198952879581152,0.11793785310734463,0.0645,0.05106582337784024,0.32581453634085217,15.715313064873673,Medium,0.40730405241446244,0.94,0.9437500000000001,0.06351620072523102,0.5615023474178403,58.321452011150676,Medium,Moderate Priority,5
Viet Nam,2013,707.2,83.0,97.7,15.3,51.6,49.0,1.226,1.18,218.0,22.4,12.5,0.1625207296849088,0.21256544502617802,0.1038135593220339,0.0645,0.05106582337784024,0.31328320802005016,15.129146090516851,Medium,0.42902208201892744,0.6600000000000001,0.9640625,0.05790150894841502,0.5211267605633801,52.642257030614445,Medium,Moderate Priority,5
Viet Nam,2014,893.1,95.0,86.2,14.9,51.6,49.0,1.226,1.18,218.0,22.4,11.8,0.15778251599147122,0.21256544502617802,0.1038135593220339,0.0645,0.05106582337784024,0.29573934837092736,14.757778201474181,Medium,0.5417981072555205,0.9000000000000001,0.784375,0.05790150894841502,0.5211267605633801,56.10402753534631,Medium,Moderate Priority,5
Viet Nam,2015,951.36,94.2,84.0,14.7,49.52,43.67,1.27,1.19,238.7,22.14,11.15,0.1554134091447524,0.2098429319371728,0.09252118644067797,0.061900000000000004,0.055914734129772777,0.2794486215538847,14.25068138677101,Medium,0.5771414705168648,0.8840000000000001,0.75,0.0630483097438297,0.5258215962441314,56.000227530096524,Medium,Moderate Priority,5
Viet Nam,2016,1000.88,93.52,82.13,14.53,47.75,39.13,1.3,1.2,256.3,21.92,10.6,0.15339966832504145,0.20753926701570685,0.08290254237288136,0.059687500000000004,0.060037479503396586,0.26566416040100255,13.820510293633811,Medium,0.6071827226401358,0.8704000000000001,0.7207812499999999,0.06655749210433969,0.5305164319248825,55.908757933387164,Medium,Moderate Priority,5
Viet Nam,2017,1042.97,92.94,80.54,14.39,46.25,35.28,1.33,1.21,271.25,21.73,10.13,0.1517412935323383,0.2055497382198953,0.07474576271186441,0.0578125,0.06353947060201452,0.25388471177944866,13.454557947426018,Medium,0.6327165736471729,0.8588,0.6959375000000001,0.0700666744648497,0.5352112676056336,55.85464031435312,Medium,Moderate Priority,5
Viet Nam,2018,1078.75,92.45,79.19,14.26,44.97,32.0,1.36,1.22,283.96,21.57,9.73,0.1502013740819711,0.2038743455497382,0.06779661016949153,0.0562125,0.06651674865308034,0.24385964912280705,13.141020459618137,Medium,0.6544224702742052,0.8490000000000002,0.67484375,0.0735758568253597,0.5399061032863849,55.834963607719004,Medium,Moderate Priority,5
Viet Nam,2019,1109.16,92.03,78.04,14.16,43.89,29.22,1.38,1.23,294.77,21.44,9.39,0.14901682065861172,0.20251308900523562,0.061906779661016945,0.0548625,0.06904895760131177,0.23533834586466168,12.878108213180628,Medium,0.6728706624605678,0.8406,0.6568750000000001,0.07591531173236636,0.544600938967136,55.81723826320141,Medium,Moderate Priority,5
Viet Nam,2020,1135.02,91.68,77.06,14.07,42.96,26.85,1.4,1.24,303.95,21.32,9.1,0.14795072257758826,0.20125654450261782,0.05688559322033899,0.053700000000000005,0.07119934410869055,0.2280701754385965,12.651039664130536,Medium,0.6885586022809996,0.8336000000000001,0.6415625,0.07825476663937302,0.5492957746478873,55.8254328713652,Medium,Moderate Priority,5
Viet Nam,2021,1156.99,91.38,76.24,13.99,42.18,24.84,1.42,1.24,311.76,21.22,8.86,0.14700307983890074,0.20020942408376963,0.05262711864406779,0.052725,0.07302881236823612,0.22205513784461153,12.460809546326429,Medium,0.7018866779907789,0.8275999999999999,0.6287499999999999,0.0805942215463797,0.5492957746478873,55.76253348370091,Medium,Moderate Priority,5
Viet Nam,2022,1175.66,91.12,75.53,13.93,41.51,23.13,1.43,1.24,318.4,21.14,8.65,0.1462923477848851,0.1993717277486911,0.04900423728813559,0.051887499999999996,0.07458421175919419,0.2167919799498747,12.298866742179678,Medium,0.7132128124241689,0.8224,0.61765625,0.08176394899988303,0.5492957746478873,55.68657572143879,Medium,Moderate Priority,5
Viet Nam,2023,1191.54,90.9,74.93,13.88,40.95,21.68,1.44,1.25,324.04,21.07,8.47,0.1457000710732054,0.19863874345549737,0.045932203389830506,0.051187500000000004,0.07590536425392364,0.212280701754386,12.160743065447381,Medium,0.7228463965057024,0.8180000000000001,0.6082812500000001,0.08293367645338635,0.5539906103286384,55.72103866575454,Medium,Moderate Priority,5
Viet Nam,2024,1205.03,90.72,74.42,13.83,40.46,20.44,1.45,1.25,328.83,21.01,8.32,0.1451077943615257,0.19801047120418852,0.043305084745762716,0.050575,0.07702740688685875,0.20852130325814539,12.042451007608017,Medium,0.7310300897840329,0.8144,0.6003125,0.08410340390688968,0.5539906103286384,55.676732080391226,Medium,Moderate Priority,5
Viet Nam,2025,1216.5,90.56,73.99,13.79,40.05,19.39,1.46,1.25,332.91,20.96,8.19,0.14463397299218195,0.1974869109947644,0.04108050847457627,0.050062499999999996,0.07798313422347154,0.20526315789473684,11.941836409662184,Medium,0.7379883523416646,0.8112000000000001,0.5935937499999999,0.08527313136039304,0.5539906103286384,55.64091688061392,Medium,Moderate Priority,5
